Series Name,Series Code,Country Name,Country Code,1990 [YR1990],2000 [YR2000],2011 [YR2011],2012 [YR2012],2013 [YR2013],2014 [YR2014],2015 [YR2015],2016 [YR2016],2017 [YR2017],2018 [YR2018],2019 [YR2019],2020 [YR2020]
Current health expenditure (% of GDP),SH.XPD.CHEX.GD.ZS,Afghanistan,AFG,..,..,8.56190681,7.89716816,8.80596447,9.52887821,10.10534763,10.96199989,11.77723598,9.39572716,..,..
Current health expenditure (% of GDP),SH.XPD.CHEX.GD.ZS,Albania,ALB,..,7.2333703,4.79532719,5.05526161,5.38559914,5.50349331,4.89632177,4.91601992,5.01059723,5.26271439,..,..
Current health expenditure (% of GDP),SH.XPD.CHEX.GD.ZS,Algeria,DZA,..,3.48903275,5.26748085,6.00050974,6.03576279,6.54721403,6.97849178,6.60778189,6.38032866,6.2184267,..,..
Current health expenditure (% of GDP),SH.XPD.CHEX.GD.ZS,American Samoa,ASM,..,..,..,..,..,..,..,..,..,..,..,..
Current health expenditure (% of GDP),SH.XPD.CHEX.GD.ZS,Andorra,AND,..,5.88990307,6.24652863,6.10150337,5.98780346,5.97912455,6.23245335,6.34349346,6.54431868,6.71033096,..,..
Current health expenditure (% of GDP),SH.XPD.CHEX.GD.ZS,Angola,AGO,..,1.90859938,2.64560771,2.39574957,2.73282671,2.43412876,2.60579467,2.71314979,2.79150295,2.54900527,..,..
Current health expenditure (% of GDP),SH.XPD.CHEX.GD.ZS,Antigua and Barbuda,ATG,..,4.69438457,5.44257212,5.47921419,5.50909281,5.87269974,5.27965546,5.12190151,5.17094231,5.23155928,..,..
Current health expenditure (% of GDP),SH.XPD.CHEX.GD.ZS,Argentina,ARG,..,8.46696377,9.41819859,9.82726669,9.78097916,9.67129993,10.22933769,9.00189686,10.45704365,9.62454033,..,..
Current health expenditure (% of GDP),SH.XPD.CHEX.GD.ZS,Armenia,ARM,..,4.19581175,9.37588787,9.13455009,10.32345009,10.17827797,10.1176281,9.95195866,10.36270523,10.02538967,..,..
Current health expenditure (% of GDP),SH.XPD.CHEX.GD.ZS,Aruba,ABW,..,..,..,..,..,..,..,..,..,..,..,..
Current health expenditure (% of GDP),SH.XPD.CHEX.GD.ZS,Australia,AUS,..,7.61383343,8.54153824,8.67564774,8.76116371,9.03597069,9.32331181,9.20071316,9.20544815,9.28459835,..,..
Current health expenditure (% of GDP),SH.XPD.CHEX.GD.ZS,Austria,AUT,..,9.20371437,10.02613258,10.19915581,10.28574944,10.36809254,10.36746693,10.3522625,10.38262367,10.32559872,..,..
Current health expenditure (% of GDP),SH.XPD.CHEX.GD.ZS,Azerbaijan,AZE,..,2.94894385,2.44641805,2.96481562,3.03672314,3.37713742,4.10663605,4.03655434,3.73651457,3.51373243,..,..
Current health expenditure (% of GDP),SH.XPD.CHEX.GD.ZS,"Bahamas, The",BHS,..,3.80487037,5.32418823,5.31907082,5.59397602,5.67255783,5.20896244,5.61615086,6.83129883,6.24896193,..,..
Current health expenditure (% of GDP),SH.XPD.CHEX.GD.ZS,Bahrain,BHR,..,3.56132603,3.57691312,4.10642147,4.30853891,4.40681839,4.97506618,4.85823059,4.74813128,4.13356352,..,..
Current health expenditure (% of GDP),SH.XPD.CHEX.GD.ZS,Bangladesh,BGD,..,2.00194621,2.56593657,2.57301211,2.50334787,2.49601078,2.46311474,2.31178045,2.27522182,2.3428061,..,..
Current health expenditure (% of GDP),SH.XPD.CHEX.GD.ZS,Barbados,BRB,..,5.33187246,6.89933872,7.77819967,7.49560881,6.99789667,6.7748456,6.68155098,6.62216997,6.56259155,..,..
Current health expenditure (% of GDP),SH.XPD.CHEX.GD.ZS,Belarus,BLR,..,5.46676111,4.87438536,5.245327,5.69559479,5.38793373,6.06533337,5.91054153,5.75974846,5.64426613,..,..
Current health expenditure (% of GDP),SH.XPD.CHEX.GD.ZS,Belgium,BEL,..,7.9991765,10.39215851,10.50683689,10.56154251,10.44007111,10.42703342,10.28172588,10.40608311,10.31865311,..,..
Current health expenditure (% of GDP),SH.XPD.CHEX.GD.ZS,Belize,BLZ,..,3.92283607,5.61938047,5.33280277,5.55003977,6.10395241,5.81823015,6.04090405,5.70125389,5.69105911,..,..
Current health expenditure (% of GDP),SH.XPD.CHEX.GD.ZS,Benin,BEN,..,3.09882951,3.09318352,3.41449833,2.85861254,2.66743684,2.90741515,2.78015947,2.6444838,2.49141979,..,..
Current health expenditure (% of GDP),SH.XPD.CHEX.GD.ZS,Bermuda,BMU,..,..,..,..,..,..,..,..,..,..,..,..
Current health expenditure (% of GDP),SH.XPD.CHEX.GD.ZS,Bhutan,BTN,..,4.31020021,3.26995778,3.53425479,3.62129545,3.46891737,3.65720773,3.48117137,3.24491644,3.0574255,..,..
Current health expenditure (% of GDP),SH.XPD.CHEX.GD.ZS,Bolivia,BOL,..,4.39554119,5.17306805,5.2539444,5.57465124,5.89613628,6.55064964,6.83333063,6.4901948,6.30102587,..,..
Current health expenditure (% of GDP),SH.XPD.CHEX.GD.ZS,Bosnia and Herzegovina,BIH,..,7.65342188,9.17856026,9.49001503,9.48689747,9.47516823,9.33953667,9.22786236,8.93159008,8.895051,..,..
Current health expenditure (% of GDP),SH.XPD.CHEX.GD.ZS,Botswana,BWA,..,5.82725811,5.77690315,6.14145994,6.22438812,5.59789324,5.72629929,5.56052208,6.13456821,5.84825039,..,..
Current health expenditure (% of GDP),SH.XPD.CHEX.GD.ZS,Brazil,BRA,..,8.33481598,7.78833342,7.73536205,7.97721243,8.39624977,8.87090969,9.20742226,9.46933746,9.51438713,..,..
Current health expenditure (% of GDP),SH.XPD.CHEX.GD.ZS,British Virgin Islands,VGB,..,..,..,..,..,..,..,..,..,..,..,..
Current health expenditure (% of GDP),SH.XPD.CHEX.GD.ZS,Brunei Darussalam,BRN,..,2.5432477,1.86409724,1.85097218,1.898314,1.91436803,2.38708901,2.54828691,2.27036428,2.41291642,..,..
Current health expenditure (% of GDP),SH.XPD.CHEX.GD.ZS,Bulgaria,BGR,..,5.82971001,7.14162683,7.57881832,7.1707921,7.7096777,7.41338348,7.4799428,7.45326805,7.34667873,..,..
Current health expenditure (% of GDP),SH.XPD.CHEX.GD.ZS,Burkina Faso,BFA,..,3.31752229,5.22973108,5.17797041,6.25649023,5.62491322,5.82546854,7.02782106,6.91190195,5.62852383,..,..
Current health expenditure (% of GDP),SH.XPD.CHEX.GD.ZS,Burundi,BDI,..,6.17697144,10.06996346,8.52668476,8.14256191,6.88927555,6.57857561,7.49265718,7.51763725,7.74165535,..,..
Current health expenditure (% of GDP),SH.XPD.CHEX.GD.ZS,Cabo Verde,CPV,..,4.43401194,4.30527449,5.13365459,5.28994226,5.32722235,4.81784487,4.845016,5.36013222,5.35998297,..,..
Current health expenditure (% of GDP),SH.XPD.CHEX.GD.ZS,Cambodia,KHM,..,6.54116726,7.50353098,7.26115417,7.10386801,6.70157766,6.19431591,6.11648464,5.928473,6.02654314,..,..
Current health expenditure (% of GDP),SH.XPD.CHEX.GD.ZS,Cameroon,CMR,..,4.29790974,4.01686096,4.07313347,3.78502822,3.95040631,3.74885845,3.72961879,3.4925251,3.52989626,..,..
Current health expenditure (% of GDP),SH.XPD.CHEX.GD.ZS,Canada,CAN,..,8.27567863,10.33907032,10.42859364,10.34045982,10.25013065,10.68328094,10.97903442,10.78964806,10.79046917,..,..
Current health expenditure (% of GDP),SH.XPD.CHEX.GD.ZS,Cayman Islands,CYM,..,..,..,..,..,..,..,..,..,..,..,..
Current health expenditure (% of GDP),SH.XPD.CHEX.GD.ZS,Central African Republic,CAF,..,4.32829618,3.63681531,3.6277864,4.73335361,4.90981197,5.03434181,5.44402361,6.66541529,10.99253082,..,..
Current health expenditure (% of GDP),SH.XPD.CHEX.GD.ZS,Chad,TCD,..,5.45750713,3.91046357,3.85607934,4.06645298,4.27316856,4.52395248,4.90541553,4.40445328,4.09880257,..,..
Current health expenditure (% of GDP),SH.XPD.CHEX.GD.ZS,Channel Islands,CHI,..,..,..,..,..,..,..,..,..,..,..,..
Current health expenditure (% of GDP),SH.XPD.CHEX.GD.ZS,Chile,CHL,..,7.03517628,6.7717886,7.0209198,7.44478321,7.80729866,8.30269146,8.51866722,9.06820488,9.14051342,..,..
Current health expenditure (% of GDP),SH.XPD.CHEX.GD.ZS,China,CHN,..,4.47341394,4.32551336,4.5493989,4.71002245,4.77322769,4.8887229,4.98188066,5.15119171,5.35107994,..,..
Current health expenditure (% of GDP),SH.XPD.CHEX.GD.ZS,Colombia,COL,..,5.63529348,6.78076839,6.74599648,7.01724052,7.18553209,7.52338552,7.53117037,7.67864275,7.63980007,..,..
Current health expenditure (% of GDP),SH.XPD.CHEX.GD.ZS,Comoros,COM,..,7.31747961,5.43611145,4.67309475,4.60162401,4.55703831,4.73517609,4.70250511,4.64801407,4.58884811,..,..
Current health expenditure (% of GDP),SH.XPD.CHEX.GD.ZS,"Congo, Dem. Rep.",COD,..,1.45309758,3.21934819,3.30099463,3.56509233,3.97941589,3.99593234,4.36690283,4.15728664,3.30075741,..,..
Current health expenditure (% of GDP),SH.XPD.CHEX.GD.ZS,"Congo, Rep.",COG,..,1.69392455,1.85153627,2.47433209,2.48846722,2.50741982,3.41535068,3.46238065,2.93953753,2.13848233,..,..
Current health expenditure (% of GDP),SH.XPD.CHEX.GD.ZS,Costa Rica,CRI,..,6.59314299,8.21805191,7.91351128,7.86832047,7.88175106,7.82285929,7.5334692,7.32879639,7.56336021,..,..
Current health expenditure (% of GDP),SH.XPD.CHEX.GD.ZS,Cote d'Ivoire,CIV,..,5.59964752,6.07790899,6.11988115,5.13896704,5.15732431,4.42198133,4.53622293,4.45303488,4.19003773,..,..
Current health expenditure (% of GDP),SH.XPD.CHEX.GD.ZS,Croatia,HRV,..,7.70187807,7.79134035,7.7956953,6.53333521,6.69970798,6.78635979,6.82976627,6.77827311,6.82702351,..,..
Current health expenditure (% of GDP),SH.XPD.CHEX.GD.ZS,Cuba,CUB,..,6.58189821,11.31298637,9.29940987,10.43099499,12.1412344,12.81401348,12.2177515,11.7113266,11.18745422,..,..
Current health expenditure (% of GDP),SH.XPD.CHEX.GD.ZS,Curacao,CUW,..,..,..,..,..,..,..,..,..,..,..,..
Current health expenditure (% of GDP),SH.XPD.CHEX.GD.ZS,Cyprus,CYP,..,5.30800056,6.44928503,6.55474567,6.94518471,6.9609561,6.92568588,6.83423901,6.73828936,6.76976299,..,..
Current health expenditure (% of GDP),SH.XPD.CHEX.GD.ZS,Czech Republic,CZE,..,5.71755314,6.97689199,7.02843523,7.80669546,7.65308523,7.24275684,7.1495986,7.23133898,7.64651203,..,..
Current health expenditure (% of GDP),SH.XPD.CHEX.GD.ZS,Denmark,DNK,..,8.10438347,10.15291023,10.24135303,10.16958141,10.17190456,10.22716618,10.14456177,10.03963375,10.0707159,..,..
Current health expenditure (% of GDP),SH.XPD.CHEX.GD.ZS,Djibouti,DJI,..,2.93908072,3.3765645,3.299927,2.92013574,2.96522927,3.07555771,2.72740006,2.46476316,2.32438445,..,..
Current health expenditure (% of GDP),SH.XPD.CHEX.GD.ZS,Dominica,DMA,..,5.3237443,5.33450365,5.79509926,5.30803347,5.22792864,5.1857729,5.15253305,5.44028521,6.59153605,..,..
Current health expenditure (% of GDP),SH.XPD.CHEX.GD.ZS,Dominican Republic,DOM,..,4.88427496,5.66508865,5.88521528,5.76407719,5.75102663,5.78464127,5.82759809,5.83058691,5.73298407,..,..
Current health expenditure (% of GDP),SH.XPD.CHEX.GD.ZS,Ecuador,ECU,..,3.31528974,7.86521816,8.47968197,8.55983448,8.62127495,8.58845711,8.29596043,8.25742912,8.13646507,..,..
Current health expenditure (% of GDP),SH.XPD.CHEX.GD.ZS,"Egypt, Arab Rep.",EGY,..,4.92244291,4.35707569,4.71025944,4.91730928,5.02518845,5.33657265,5.36399841,5.63305616,4.947577,..,..
Current health expenditure (% of GDP),SH.XPD.CHEX.GD.ZS,El Salvador,SLV,..,8.92467785,8.14439964,7.53931999,7.71839237,7.68152761,7.63034058,7.7171073,7.22756004,7.10940361,..,..
Current health expenditure (% of GDP),SH.XPD.CHEX.GD.ZS,Equatorial Guinea,GNQ,..,2.14664936,1.55357504,1.26357353,1.87567019,2.19292879,2.91533971,3.14452434,3.01081419,2.99830961,..,..
Current health expenditure (% of GDP),SH.XPD.CHEX.GD.ZS,Eritrea,ERI,..,5.76670074,5.21496344,3.77572441,4.99239731,4.05145597,4.4600234,3.53811574,3.76475835,4.09255791,..,..
Current health expenditure (% of GDP),SH.XPD.CHEX.GD.ZS,Estonia,EST,..,5.15698433,5.76757813,5.79034519,5.97791481,6.08077621,6.34629202,6.42956781,6.59183788,6.6878767,..,..
Current health expenditure (% of GDP),SH.XPD.CHEX.GD.ZS,Eswatini,SWZ,..,4.60951757,8.46997261,7.82028151,7.45686579,7.25702429,7.03397036,6.77650404,6.91085625,6.54034519,..,..
Current health expenditure (% of GDP),SH.XPD.CHEX.GD.ZS,Ethiopia,ETH,..,4.3650465,4.46897793,4.53959608,4.07506514,4.03365517,3.82316828,3.66298747,3.50331593,3.29555655,..,..
Current health expenditure (% of GDP),SH.XPD.CHEX.GD.ZS,Faroe Islands,FRO,..,..,..,..,..,..,..,..,..,..,..,..
Current health expenditure (% of GDP),SH.XPD.CHEX.GD.ZS,Fiji,FJI,..,3.42441201,3.14293504,3.2655499,3.20040703,3.3686049,3.32468939,3.27979708,3.18689561,3.42366552,..,..
Current health expenditure (% of GDP),SH.XPD.CHEX.GD.ZS,Finland,FIN,..,7.09253168,9.22303009,9.5857954,9.80534649,9.78115082,9.64523888,9.37796021,9.14156628,9.037323,..,..
Current health expenditure (% of GDP),SH.XPD.CHEX.GD.ZS,France,FRA,..,9.58447742,11.20183182,11.31324291,11.43607998,11.58073521,11.46616745,11.50134468,11.39050198,11.25789452,..,..
Current health expenditure (% of GDP),SH.XPD.CHEX.GD.ZS,French Polynesia,PYF,..,..,..,..,..,..,..,..,..,..,..,..
Current health expenditure (% of GDP),SH.XPD.CHEX.GD.ZS,Gabon,GAB,..,2.90536857,2.55771565,2.42097569,2.84087181,2.53282237,2.65743947,3.1076982,2.78074527,2.74503946,..,..
Current health expenditure (% of GDP),SH.XPD.CHEX.GD.ZS,"Gambia, The",GMB,..,6.63892317,4.34501791,4.230021,3.91374874,3.6996479,3.17612934,3.19347262,3.34084225,3.09379649,..,..
Current health expenditure (% of GDP),SH.XPD.CHEX.GD.ZS,Georgia,GEO,..,7.39698839,8.38810349,8.37314224,8.3957243,8.43881893,7.93235874,8.42134666,7.05804443,7.11329746,..,..
Current health expenditure (% of GDP),SH.XPD.CHEX.GD.ZS,Germany,DEU,..,9.8881979,10.77629662,10.84700775,10.99187183,11.01583958,11.17801952,11.23043633,11.32229614,11.42995071,..,..
Current health expenditure (% of GDP),SH.XPD.CHEX.GD.ZS,Ghana,GHA,..,3.00223541,4.74449921,4.18723392,4.62300539,4.10044813,4.62171459,3.46157742,3.32977843,3.53888083,..,..
Current health expenditure (% of GDP),SH.XPD.CHEX.GD.ZS,Gibraltar,GIB,..,..,..,..,..,..,..,..,..,..,..,..
Current health expenditure (% of GDP),SH.XPD.CHEX.GD.ZS,Greece,GRC,..,7.24332571,9.02808571,8.79238129,8.31875896,7.84993553,8.01678371,8.21496582,7.96522522,7.71544075,..,..
Current health expenditure (% of GDP),SH.XPD.CHEX.GD.ZS,Greenland,GRL,..,..,..,..,..,..,..,..,..,..,..,..
Current health expenditure (% of GDP),SH.XPD.CHEX.GD.ZS,Grenada,GRD,..,5.35886383,5.80423355,5.82235813,5.62652922,4.77353573,4.64675617,4.44077301,4.59776449,4.46386862,..,..
Current health expenditure (% of GDP),SH.XPD.CHEX.GD.ZS,Guam,GUM,..,..,..,..,..,..,..,..,..,..,..,..
Current health expenditure (% of GDP),SH.XPD.CHEX.GD.ZS,Guatemala,GTM,..,5.69112062,5.93635654,6.01474953,5.68028307,5.80132627,5.85707808,5.83935881,5.81384373,5.70716429,..,..
Current health expenditure (% of GDP),SH.XPD.CHEX.GD.ZS,Guinea,GIN,..,4.74565029,3.78955078,3.50398302,3.46079683,4.78097677,5.80920601,5.39708233,4.27482462,3.93172431,..,..
Current health expenditure (% of GDP),SH.XPD.CHEX.GD.ZS,Guinea-Bissau,GNB,..,6.84018946,6.13526964,5.76361847,6.9278307,9.51437759,8.59115314,7.65348768,6.84708118,6.99553871,..,..
Current health expenditure (% of GDP),SH.XPD.CHEX.GD.ZS,Guyana,GUY,..,4.19365501,5.5727334,5.15344524,5.23556042,5.31300068,5.36894894,5.14076519,5.65979004,5.93609333,..,..
Current health expenditure (% of GDP),SH.XPD.CHEX.GD.ZS,Haiti,HTI,..,6.87873936,10.2313633,9.66829586,7.23788214,7.79763603,8.62852955,8.43686771,8.08468342,7.69460344,..,..
Current health expenditure (% of GDP),SH.XPD.CHEX.GD.ZS,Honduras,HND,..,6.26817942,8.79187012,8.65655136,8.47723007,7.91455746,7.48378992,7.69098616,7.00069904,7.04958153,..,..
Current health expenditure (% of GDP),SH.XPD.CHEX.GD.ZS,"Hong Kong SAR, China",HKG,..,..,..,..,..,..,..,..,..,..,..,..
Current health expenditure (% of GDP),SH.XPD.CHEX.GD.ZS,Hungary,HUN,..,6.77804375,7.52545595,7.44883251,7.24911928,7.07047558,6.88948917,7.04818678,6.79227543,6.70007229,..,..
Current health expenditure (% of GDP),SH.XPD.CHEX.GD.ZS,Iceland,ISL,..,8.95112514,8.25131226,8.19516754,8.22141075,8.27935791,8.13130188,8.16513538,8.3432579,8.46930885,..,..
Current health expenditure (% of GDP),SH.XPD.CHEX.GD.ZS,India,IND,..,4.03493309,3.24634194,3.32935309,3.74944162,3.61956549,3.59565997,3.51098323,3.53500652,3.544245,..,..
Current health expenditure (% of GDP),SH.XPD.CHEX.GD.ZS,Indonesia,IDN,..,1.90931416,2.95542026,2.9028666,2.96065068,3.11712098,2.99113512,3.08569908,2.86824059,2.87053037,..,..
Current health expenditure (% of GDP),SH.XPD.CHEX.GD.ZS,"Iran, Islamic Rep.",IRN,..,4.73503828,6.60725069,6.63648605,5.99379873,6.9135108,7.76057911,8.85950661,8.65966415,8.66168594,..,..
Current health expenditure (% of GDP),SH.XPD.CHEX.GD.ZS,Iraq,IRQ,..,..,2.79131818,2.69039416,2.81939769,2.79654908,3.14279079,3.2278583,4.12501717,4.1062417,..,..
Current health expenditure (% of GDP),SH.XPD.CHEX.GD.ZS,Ireland,IRL,..,5.90528059,10.70849514,10.68722248,10.30022049,9.67580032,7.31716299,7.4142108,7.15484905,6.92870378,..,..
Current health expenditure (% of GDP),SH.XPD.CHEX.GD.ZS,Isle of Man,IMN,..,..,..,..,..,..,..,..,..,..,..,..
Current health expenditure (% of GDP),SH.XPD.CHEX.GD.ZS,Israel,ISR,..,6.80195379,6.97842979,7.11489153,7.0793376,7.15390539,7.10652399,7.15261269,7.49766827,7.51703548,..,..
Current health expenditure (% of GDP),SH.XPD.CHEX.GD.ZS,Italy,ITA,..,7.56665564,8.77413177,8.78352833,8.77543831,8.86791897,8.85689163,8.72533035,8.6777401,8.66763401,..,..
Current health expenditure (% of GDP),SH.XPD.CHEX.GD.ZS,Jamaica,JAM,..,5.64462566,5.23800421,4.88512135,4.95499468,5.16615725,5.62562609,5.70750713,6.14377928,6.06135607,..,..
Current health expenditure (% of GDP),SH.XPD.CHEX.GD.ZS,Japan,JPN,..,7.15091324,10.61671734,10.79065323,10.79159355,10.83204937,10.88550663,10.83460999,10.79634285,10.95338821,..,..
Current health expenditure (% of GDP),SH.XPD.CHEX.GD.ZS,Jordan,JOR,..,9.63493919,8.29931927,7.8829236,7.24769545,7.31149483,7.59315777,7.2834053,8.11925125,7.79041338,..,..
Current health expenditure (% of GDP),SH.XPD.CHEX.GD.ZS,Kazakhstan,KAZ,..,4.16031075,2.60236669,3.03725982,2.66286755,2.97468424,3.04051089,3.42235565,3.12588406,2.92212725,..,..
Current health expenditure (% of GDP),SH.XPD.CHEX.GD.ZS,Kenya,KEN,..,4.63926125,5.81170416,5.61369753,5.51942348,5.45934105,5.21938848,5.14090538,4.8369956,5.16729498,..,..
Current health expenditure (% of GDP),SH.XPD.CHEX.GD.ZS,Kiribati,KIR,..,8.64500046,8.58405113,8.59842396,9.46005249,9.93768883,7.98818541,9.32036781,10.77510738,12.11170006,..,..
Current health expenditure (% of GDP),SH.XPD.CHEX.GD.ZS,"Korea, Dem. People's Rep.",PRK,..,..,..,..,..,..,..,..,..,..,..,..
Current health expenditure (% of GDP),SH.XPD.CHEX.GD.ZS,"Korea, Rep.",KOR,..,3.89759398,6.00844383,6.13262033,6.24789429,6.47438097,6.65271664,6.91432714,7.10694933,7.56259203,..,..
Current health expenditure (% of GDP),SH.XPD.CHEX.GD.ZS,Kosovo,XKX,..,..,..,..,..,..,..,..,..,..,..,..
Current health expenditure (% of GDP),SH.XPD.CHEX.GD.ZS,Kuwait,KWT,..,2.51490784,2.61808419,2.57378602,2.58543897,3.1975801,4.01473618,4.03104591,5.29526615,4.99920797,..,..
Current health expenditure (% of GDP),SH.XPD.CHEX.GD.ZS,Kyrgyz Republic,KGZ,..,4.41414976,7.10729122,8.50966358,8.18745136,7.35766459,7.14930916,6.41248226,6.18586302,6.53458309,..,..
Current health expenditure (% of GDP),SH.XPD.CHEX.GD.ZS,Lao PDR,LAO,..,4.27513599,1.94457507,2.07637596,2.39984965,2.29845548,2.45366454,2.36087489,2.52514863,2.24630332,..,..
Current health expenditure (% of GDP),SH.XPD.CHEX.GD.ZS,Latvia,LVA,..,5.45028639,5.56752443,5.41030407,5.39593935,5.4568367,5.68592453,6.20632744,6.00696659,6.18923044,..,..
Current health expenditure (% of GDP),SH.XPD.CHEX.GD.ZS,Lebanon,LBN,..,10.83669186,8.1471138,7.93143368,7.57978058,7.84629583,7.67934227,7.98103571,8.44765568,8.35297012,..,..
Current health expenditure (% of GDP),SH.XPD.CHEX.GD.ZS,Lesotho,LSO,..,5.85720491,8.79661846,8.57818985,9.01221848,8.65392971,8.49196434,8.01058197,8.94750309,9.28354836,..,..
Current health expenditure (% of GDP),SH.XPD.CHEX.GD.ZS,Liberia,LBR,..,4.07415962,9.22752571,8.59213543,8.18830681,9.06281471,10.37773991,9.79585648,8.15604591,6.73955679,..,..
Current health expenditure (% of GDP),SH.XPD.CHEX.GD.ZS,Libya,LBY,..,3.42542052,6.05012751,..,..,..,..,..,..,..,..,..
Current health expenditure (% of GDP),SH.XPD.CHEX.GD.ZS,Liechtenstein,LIE,..,..,..,..,..,..,..,..,..,..,..,..
Current health expenditure (% of GDP),SH.XPD.CHEX.GD.ZS,Lithuania,LTU,..,6.1917491,6.5051465,6.29071617,6.13548851,6.19952059,6.49459124,6.63686323,6.47619867,6.56775236,..,..
Current health expenditure (% of GDP),SH.XPD.CHEX.GD.ZS,Luxembourg,LUX,..,5.90136147,6.11205053,5.58377266,5.52774715,5.43687868,5.28378248,5.19496346,5.25779152,5.28587103,..,..
Current health expenditure (% of GDP),SH.XPD.CHEX.GD.ZS,"Macao SAR, China",MAC,..,..,..,..,..,..,..,..,..,..,..,..
Current health expenditure (% of GDP),SH.XPD.CHEX.GD.ZS,Madagascar,MDG,..,5.23104906,5.18553019,4.4098258,4.22997093,5.08265734,5.72116804,6.0193038,5.5050993,4.78956461,..,..
Current health expenditure (% of GDP),SH.XPD.CHEX.GD.ZS,Malawi,MWI,..,3.35252881,7.49375153,8.47896862,11.57910728,9.71204662,9.33333778,9.69365978,9.64243031,9.33423615,..,..
Current health expenditure (% of GDP),SH.XPD.CHEX.GD.ZS,Malaysia,MYS,..,2.52807355,3.33996487,3.48790693,3.52240086,3.72527027,3.81608534,3.68835807,3.71246052,3.7562995,..,..
Current health expenditure (% of GDP),SH.XPD.CHEX.GD.ZS,Maldives,MDV,..,7.73655844,7.92251587,8.67304802,8.13609314,7.90784121,8.6903019,10.19969177,9.02997589,9.41152477,..,..
Current health expenditure (% of GDP),SH.XPD.CHEX.GD.ZS,Mali,MLI,..,5.4667201,4.01573372,3.75211573,3.96750712,4.48156118,4.11143351,3.7753799,4.10388279,3.8849268,..,..
Current health expenditure (% of GDP),SH.XPD.CHEX.GD.ZS,Malta,MLT,..,6.59914446,8.56064224,8.608181,8.8266449,9.34200478,9.20896149,9.11781311,9.19666958,8.96454525,..,..
Current health expenditure (% of GDP),SH.XPD.CHEX.GD.ZS,Marshall Islands,MHL,..,19.52712822,14.56823158,14.31251717,14.61910725,14.72001648,17.35825539,17.64945793,16.40007591,17.55299377,..,..
Current health expenditure (% of GDP),SH.XPD.CHEX.GD.ZS,Mauritania,MRT,..,4.65043879,3.23916149,3.40726185,3.67313361,4.25439119,4.70125389,4.21777868,4.50495195,4.58039093,..,..
Current health expenditure (% of GDP),SH.XPD.CHEX.GD.ZS,Mauritius,MUS,..,2.89581966,4.3078289,4.27675056,4.68303633,5.49399614,5.6999588,5.70678568,5.71669579,5.82624388,..,..
Current health expenditure (% of GDP),SH.XPD.CHEX.GD.ZS,Mexico,MEX,..,4.44912481,5.70114136,5.84224558,5.9407773,5.63038635,5.79708719,5.61569786,5.51889515,5.37147474,..,..
Current health expenditure (% of GDP),SH.XPD.CHEX.GD.ZS,"Micronesia, Fed. Sts.",FSM,..,7.76511145,13.09527493,12.31475735,12.17689991,11.76905727,12.49603271,13.17891884,12.31883812,12.59075356,..,..
Current health expenditure (% of GDP),SH.XPD.CHEX.GD.ZS,Moldova,MDA,..,4.93830538,9.09670353,9.13962078,8.68300343,8.63275719,8.55763531,7.53552246,7.01328516,6.59544849,..,..
Current health expenditure (% of GDP),SH.XPD.CHEX.GD.ZS,Monaco,MCO,..,1.73431444,2.17861032,2.23461652,2.14969468,2.08679175,2.02833343,1.62751341,1.64266789,1.59738493,..,..
Current health expenditure (% of GDP),SH.XPD.CHEX.GD.ZS,Mongolia,MNG,..,4.87263823,3.58612084,3.85493326,4.06732321,4.19000292,4.23834133,4.42355728,4.00506115,3.78789377,..,..
Current health expenditure (% of GDP),SH.XPD.CHEX.GD.ZS,Montenegro,MNE,..,..,..,..,..,..,..,..,..,8.4230423,..,..
Current health expenditure (% of GDP),SH.XPD.CHEX.GD.ZS,Morocco,MAR,..,3.97807431,5.7329936,5.74942255,5.68743515,5.30341721,5.07174492,5.23815107,5.23623848,5.31261539,..,..
Current health expenditure (% of GDP),SH.XPD.CHEX.GD.ZS,Mozambique,MOZ,..,2.61787701,5.40332603,5.61947441,6.50048494,6.57946301,7.23973656,7.84588909,8.14048672,8.17430115,..,..
Current health expenditure (% of GDP),SH.XPD.CHEX.GD.ZS,Myanmar,MMR,..,1.70140898,1.91946495,2.43835998,3.23661304,4.39342737,5.4778142,5.11008072,5.09039927,4.79125547,..,..
Current health expenditure (% of GDP),SH.XPD.CHEX.GD.ZS,Namibia,NAM,..,9.79146862,9.82976627,9.26402569,8.66987896,8.17065144,9.70993042,8.85608196,8.28922272,7.95077181,..,..
Current health expenditure (% of GDP),SH.XPD.CHEX.GD.ZS,Nauru,NRU,..,18.12375069,10.16901398,9.23208618,9.23582458,10.09228325,15.1927681,14.08638191,11.58332348,9.5781002,..,..
Current health expenditure (% of GDP),SH.XPD.CHEX.GD.ZS,Nepal,NPL,..,3.57357407,5.0784235,5.1700902,5.32473755,5.76784754,6.21927214,6.27839279,5.48825455,5.84083414,..,..
Current health expenditure (% of GDP),SH.XPD.CHEX.GD.ZS,Netherlands,NLD,..,7.7069602,10.23357868,10.53898716,10.58363628,10.56703758,10.32396889,10.2534523,10.05979824,9.97458649,..,..
Current health expenditure (% of GDP),SH.XPD.CHEX.GD.ZS,New Caledonia,NCL,..,..,..,..,..,..,..,..,..,..,..,..
Current health expenditure (% of GDP),SH.XPD.CHEX.GD.ZS,New Zealand,NZL,..,7.4700222,9.50751114,9.64937401,9.36316967,9.4200058,9.31466961,9.27398205,9.01967621,9.21034622,..,..
Current health expenditure (% of GDP),SH.XPD.CHEX.GD.ZS,Nicaragua,NIC,..,5.23883677,7.44982004,7.48836899,7.6386919,7.97716141,7.96303225,8.04877567,8.31693268,8.56453705,..,..
Current health expenditure (% of GDP),SH.XPD.CHEX.GD.ZS,Niger,NER,..,7.19839239,6.6486249,5.83651638,5.94302082,5.85134125,7.13803673,6.16463852,7.66223145,7.33380175,..,..
Current health expenditure (% of GDP),SH.XPD.CHEX.GD.ZS,Nigeria,NGA,..,3.1973834,3.32077932,3.35984278,3.4206934,3.34840417,3.58195019,3.64773679,3.75553846,3.88990784,..,..
Current health expenditure (% of GDP),SH.XPD.CHEX.GD.ZS,North Macedonia,MKD,..,8.86991501,6.51887369,6.61468363,6.7192831,6.28993368,6.34227896,6.37943363,6.5939827,6.58288956,..,..
Current health expenditure (% of GDP),SH.XPD.CHEX.GD.ZS,Northern Mariana Islands,MNP,..,..,..,..,..,..,..,..,..,..,..,..
Current health expenditure (% of GDP),SH.XPD.CHEX.GD.ZS,Norway,NOR,..,7.71215487,8.78868103,8.77787876,8.92953396,9.34493351,10.13146877,10.59129524,10.31589031,10.0493927,..,..
Current health expenditure (% of GDP),SH.XPD.CHEX.GD.ZS,Oman,OMN,..,3.06354713,2.54776597,2.5522778,2.79134297,3.52693391,4.3044014,4.35877562,3.97352886,4.13171434,..,..
Current health expenditure (% of GDP),SH.XPD.CHEX.GD.ZS,Pakistan,PAK,..,2.88552141,2.34442639,2.35939932,2.60280204,2.72200847,2.68711925,2.85510206,2.90229368,3.20193386,..,..
Current health expenditure (% of GDP),SH.XPD.CHEX.GD.ZS,Palau,PLW,..,8.87392807,10.81779194,11.63778973,12.12248993,12.17145729,11.39383602,12.00261879,12.12845135,10.86687088,..,..
Current health expenditure (% of GDP),SH.XPD.CHEX.GD.ZS,Panama,PAN,..,6.9129467,6.59314489,6.56412029,6.65125561,6.92144489,6.8090291,7.31549644,6.89914465,7.26584625,..,..
Current health expenditure (% of GDP),SH.XPD.CHEX.GD.ZS,Papua New Guinea,PNG,..,1.97246671,2.29397798,2.66693544,2.99727893,3.27119088,1.81881714,2.33063054,2.27085471,2.36706114,..,..
Current health expenditure (% of GDP),SH.XPD.CHEX.GD.ZS,Paraguay,PRY,..,5.50297928,5.05373764,6.54307508,6.0722599,6.64632988,6.74699259,6.72532558,6.65456867,6.65451145,..,..
Current health expenditure (% of GDP),SH.XPD.CHEX.GD.ZS,Peru,PER,..,4.6005969,4.6209321,4.75655174,4.70197392,4.99472809,5.03110838,5.06576538,4.99378443,5.23800182,..,..
Current health expenditure (% of GDP),SH.XPD.CHEX.GD.ZS,Philippines,PHL,..,3.15481424,4.20609283,4.37465286,4.4638114,4.12741232,4.32136869,4.40684605,4.4460597,4.40060663,..,..
Current health expenditure (% of GDP),SH.XPD.CHEX.GD.ZS,Poland,POL,..,5.29816675,6.23382092,6.20108318,6.3754797,6.35254002,6.39785814,6.54295063,6.56172848,6.33085012,..,..
Current health expenditure (% of GDP),SH.XPD.CHEX.GD.ZS,Portugal,PRT,..,8.37818336,9.53497028,9.35394287,9.07765675,9.02365017,8.97663212,9.41901684,9.33004951,9.40783501,..,..
Current health expenditure (% of GDP),SH.XPD.CHEX.GD.ZS,Puerto Rico,PRI,..,..,..,..,..,..,..,..,..,..,..,..
Current health expenditure (% of GDP),SH.XPD.CHEX.GD.ZS,Qatar,QAT,..,2.00865221,1.59996212,1.74822152,2.07620168,2.43456411,3.17197657,3.18802047,2.72160077,2.49480486,..,..
Current health expenditure (% of GDP),SH.XPD.CHEX.GD.ZS,Romania,ROU,..,4.20876122,4.69901562,4.7180357,5.19262123,5.03005028,4.94264841,4.99377203,5.1508317,5.55660582,..,..
Current health expenditure (% of GDP),SH.XPD.CHEX.GD.ZS,Russian Federation,RUS,..,5.01481104,4.79005241,4.94080353,5.07980919,5.18022871,5.29560423,5.26521969,5.34388065,5.31590033,..,..
Current health expenditure (% of GDP),SH.XPD.CHEX.GD.ZS,Rwanda,RWA,..,4.26349449,8.21763229,8.35697842,6.97064686,7.17037678,6.86232901,7.14331341,6.93017101,7.54268694,..,..
Current health expenditure (% of GDP),SH.XPD.CHEX.GD.ZS,Samoa,WSM,..,4.39660835,5.42492199,4.8249526,6.17122936,6.2277956,5.6747098,5.51336765,5.50720882,5.21262693,..,..
Current health expenditure (% of GDP),SH.XPD.CHEX.GD.ZS,San Marino,SMR,..,5.86393833,7.41631603,7.97268248,7.74346495,7.54904318,7.27498674,6.74832106,7.24210215,7.14421701,..,..
Current health expenditure (% of GDP),SH.XPD.CHEX.GD.ZS,Sao Tome and Principe,STP,..,10.51173401,6.75577021,6.47629499,7.93743801,6.73101854,5.34009647,6.43088818,6.46091604,6.26645994,..,..
Current health expenditure (% of GDP),SH.XPD.CHEX.GD.ZS,Saudi Arabia,SAU,..,4.2115941,3.71178317,4.01962948,4.46568823,5.22794724,5.99834013,5.83562613,7.00368643,6.3615365,..,..
Current health expenditure (% of GDP),SH.XPD.CHEX.GD.ZS,Senegal,SEN,..,3.56931567,4.19347048,4.22773457,4.37490368,4.39605856,4.38257313,4.26078272,4.06742668,3.97799659,..,..
Current health expenditure (% of GDP),SH.XPD.CHEX.GD.ZS,Serbia,SRB,..,6.50382948,9.11380005,9.32820988,9.31232452,9.24598789,8.81929588,8.47186947,8.23131752,8.53899002,..,..
Current health expenditure (% of GDP),SH.XPD.CHEX.GD.ZS,Seychelles,SYC,..,4.61071825,4.79911327,5.73107624,4.50803661,4.73750544,4.58823824,5.1787982,4.98940706,5.11036491,..,..
Current health expenditure (% of GDP),SH.XPD.CHEX.GD.ZS,Sierra Leone,SLE,..,11.51732349,13.28133965,10.59042263,11.56771851,19.72741699,20.41341209,16.52595901,16.6201725,16.06307983,..,..
Current health expenditure (% of GDP),SH.XPD.CHEX.GD.ZS,Singapore,SGP,..,3.34336376,3.15792179,3.32783675,3.68562651,3.87155676,4.18069839,4.40151834,4.4177866,4.46444654,..,..
Current health expenditure (% of GDP),SH.XPD.CHEX.GD.ZS,Sint Maarten (Dutch part),SXM,..,..,..,..,..,..,..,..,..,..,..,..
Current health expenditure (% of GDP),SH.XPD.CHEX.GD.ZS,Slovak Republic,SVK,..,5.30256939,7.35716248,7.55277967,7.50908709,6.89302301,6.79333973,7.11145544,6.76883841,6.68639565,..,..
Current health expenditure (% of GDP),SH.XPD.CHEX.GD.ZS,Slovenia,SVN,..,7.80406952,8.53639603,8.71509933,8.74028301,8.50197506,8.49823952,8.47909927,8.18941784,8.29891014,..,..
Current health expenditure (% of GDP),SH.XPD.CHEX.GD.ZS,Solomon Islands,SLB,..,5.28381252,6.70616865,5.55342913,5.37866831,5.72712326,5.19329929,4.99768019,4.74138927,4.47443104,..,..
Current health expenditure (% of GDP),SH.XPD.CHEX.GD.ZS,Somalia,SOM,..,..,..,..,..,..,..,..,..,..,..,..
Current health expenditure (% of GDP),SH.XPD.CHEX.GD.ZS,South Africa,ZAF,..,7.43741989,7.49731731,7.7525506,7.72096157,7.93015003,8.20090294,8.09581757,8.11311913,8.25342083,..,..
Current health expenditure (% of GDP),SH.XPD.CHEX.GD.ZS,South Sudan,SSD,..,..,..,..,..,..,..,..,8.37437344,6.40037966,..,..
Current health expenditure (% of GDP),SH.XPD.CHEX.GD.ZS,Spain,ESP,..,6.79921818,9.16859245,9.15699196,9.06737709,9.09010506,9.12686825,8.9523859,8.94249249,8.97741413,..,..
Current health expenditure (% of GDP),SH.XPD.CHEX.GD.ZS,Sri Lanka,LKA,..,4.24654055,3.71693707,3.40384579,3.82699037,3.60648036,3.88992047,3.86424923,3.80975389,3.75841475,..,..
Current health expenditure (% of GDP),SH.XPD.CHEX.GD.ZS,St. Kitts and Nevis,KNA,..,4.66796207,5.27746201,5.16987658,5.26012945,4.9079895,5.31862164,5.79325533,5.69199848,5.31148005,..,..
Current health expenditure (% of GDP),SH.XPD.CHEX.GD.ZS,St. Lucia,LCA,..,5.43346453,5.60638475,5.57630587,5.77193546,4.84179592,4.60818338,4.98633957,4.7146244,4.39812708,..,..
Current health expenditure (% of GDP),SH.XPD.CHEX.GD.ZS,St. Martin (French part),MAF,..,..,..,..,..,..,..,..,..,..,..,..
Current health expenditure (% of GDP),SH.XPD.CHEX.GD.ZS,St. Vincent and the Grenadines,VCT,..,4.29551268,4.46755743,4.68828583,4.56956387,4.35374546,4.08409452,4.1576829,4.3064785,4.47178459,..,..
Current health expenditure (% of GDP),SH.XPD.CHEX.GD.ZS,Sudan,SDN,..,3.60664463,5.61579561,5.68827009,6.96487522,5.67619705,7.18615294,6.40399361,6.30497503,4.51304483,..,..
Current health expenditure (% of GDP),SH.XPD.CHEX.GD.ZS,Suriname,SUR,..,6.28476238,4.72143984,4.58755207,4.80475569,4.84127617,6.21926689,6.27941179,6.22976971,7.96947193,..,..
Current health expenditure (% of GDP),SH.XPD.CHEX.GD.ZS,Sweden,SWE,..,7.32689953,10.42150974,10.73550034,10.90368462,10.94807339,10.79714203,10.84046745,10.78592205,10.8985014,..,..
Current health expenditure (% of GDP),SH.XPD.CHEX.GD.ZS,Switzerland,CHE,..,9.3748436,10.34077358,10.61796474,10.83054256,10.99387455,11.36931515,11.70894909,11.89515591,11.87620926,..,..
Current health expenditure (% of GDP),SH.XPD.CHEX.GD.ZS,Syrian Arab Republic,SYR,..,4.34962416,3.32856846,3.5656538,..,..,..,..,..,..,..,..
Current health expenditure (% of GDP),SH.XPD.CHEX.GD.ZS,Tajikistan,TJK,..,4.26492453,5.85971832,5.98185873,6.53226376,6.6654973,6.9073596,7.00427723,7.2288146,7.2394805,..,..
Current health expenditure (% of GDP),SH.XPD.CHEX.GD.ZS,Tanzania,TZA,..,3.41529965,5.0559845,5.01779366,4.64643383,4.01492023,3.64969921,3.96350336,3.63913774,3.62868047,..,..
Current health expenditure (% of GDP),SH.XPD.CHEX.GD.ZS,Thailand,THA,..,3.10125184,3.56825638,3.52293992,3.45313358,3.68448043,3.66789317,3.76332021,3.83202839,3.79303908,..,..
Current health expenditure (% of GDP),SH.XPD.CHEX.GD.ZS,Timor-Leste,TLS,..,..,1.26124156,1.21793711,2.11266398,2.72246408,3.95390606,4.54700947,4.33655405,4.32635784,..,..
Current health expenditure (% of GDP),SH.XPD.CHEX.GD.ZS,Togo,TGO,..,3.30968809,5.99588251,6.1408205,6.29625988,6.35890293,6.24938154,6.60094786,6.02144766,6.16532087,..,..
Current health expenditure (% of GDP),SH.XPD.CHEX.GD.ZS,Tonga,TON,..,2.926934,3.86217117,5.0648427,4.170681,5.13259459,4.57615185,5.06450272,5.05521584,5.09657621,..,..
Current health expenditure (% of GDP),SH.XPD.CHEX.GD.ZS,Trinidad and Tobago,TTO,..,4.23492432,4.72197914,4.8760519,5.05915737,5.22789097,6.03951168,7.00930595,7.02028561,6.93182945,..,..
Current health expenditure (% of GDP),SH.XPD.CHEX.GD.ZS,Tunisia,TUN,..,5.04834366,6.43202877,6.6064229,6.85662031,6.80739641,7.00741243,6.99717045,7.25768566,7.29209566,..,..
Current health expenditure (% of GDP),SH.XPD.CHEX.GD.ZS,Turkey,TUR,..,4.59957218,4.6530509,4.44444656,4.37099981,4.32517862,4.11690378,4.28469229,4.17974997,4.12414074,..,..
Current health expenditure (% of GDP),SH.XPD.CHEX.GD.ZS,Turkmenistan,TKM,..,6.89164257,4.89650869,4.77595139,5.15063286,5.49777317,6.29793644,6.62111807,6.93379545,6.60540628,..,..
Current health expenditure (% of GDP),SH.XPD.CHEX.GD.ZS,Turks and Caicos Islands,TCA,..,..,..,..,..,..,..,..,..,..,..,..
Current health expenditure (% of GDP),SH.XPD.CHEX.GD.ZS,Tuvalu,TUV,..,24.24389076,15.39393616,15.32846642,18.12769699,16.86151695,16.69959259,16.88424873,17.72825432,19.04735947,..,..
Current health expenditure (% of GDP),SH.XPD.CHEX.GD.ZS,Uganda,UGA,..,7.56050587,8.92494392,7.86666203,7.24972916,6.96508646,6.78750038,6.54710674,6.48715639,6.52623558,..,..
Current health expenditure (% of GDP),SH.XPD.CHEX.GD.ZS,Ukraine,UKR,..,5.30685234,6.81617165,7.11666059,6.94156218,7.18960381,7.77607775,7.54541159,7.43332434,7.72391653,..,..
Current health expenditure (% of GDP),SH.XPD.CHEX.GD.ZS,United Arab Emirates,ARE,..,2.37413526,3.67006993,3.42519474,3.59299517,3.63020706,3.58359146,3.4034214,4.14456415,4.22590351,..,..
Current health expenditure (% of GDP),SH.XPD.CHEX.GD.ZS,United Kingdom,GBR,..,7.28434992,9.97346497,10.0517683,9.97855186,9.95758438,9.90435219,9.86671162,9.82511234,9.99696255,..,..
Current health expenditure (% of GDP),SH.XPD.CHEX.GD.ZS,United States,USA,..,12.54207516,16.29982948,16.28528976,16.21042252,16.40644836,16.71075249,17.04898262,17.00361443,16.88529778,..,..
Current health expenditure (% of GDP),SH.XPD.CHEX.GD.ZS,Uruguay,URY,..,10.00623417,8.63529015,8.76412106,8.81995773,8.77023602,9.00821114,9.42438793,9.51635647,9.20269966,..,..
Current health expenditure (% of GDP),SH.XPD.CHEX.GD.ZS,Uzbekistan,UZB,..,5.21655655,5.28212595,5.58976364,5.66173792,4.67292738,4.9875989,4.96638393,5.07679749,5.29149055,..,..
Current health expenditure (% of GDP),SH.XPD.CHEX.GD.ZS,Vanuatu,VUT,..,3.31252217,3.49827933,3.7651372,4.15413618,3.45589304,4.15773726,2.84586453,2.76094961,3.37372637,..,..
Current health expenditure (% of GDP),SH.XPD.CHEX.GD.ZS,"Venezuela, RB",VEN,..,7.33427238,7.17709732,6.4481473,5.5941329,5.77644968,5.79743814,5.22611618,6.22255135,3.56269026,..,..
Current health expenditure (% of GDP),SH.XPD.CHEX.GD.ZS,Vietnam,VNM,..,4.84926939,5.87397575,6.27840996,6.33500576,5.78317738,5.65262079,5.65919352,5.92534494,5.91789675,..,..
Current health expenditure (% of GDP),SH.XPD.CHEX.GD.ZS,Virgin Islands (U.S.),VIR,..,..,..,..,..,..,..,..,..,..,..,..
Current health expenditure (% of GDP),SH.XPD.CHEX.GD.ZS,West Bank and Gaza,PSE,..,..,..,..,..,..,..,..,..,..,..,..
Current health expenditure (% of GDP),SH.XPD.CHEX.GD.ZS,"Yemen, Rep.",YEM,..,4.66606522,4.7695322,5.1959362,4.96083164,4.8418045,4.88250208,..,..,..,..,..
Current health expenditure (% of GDP),SH.XPD.CHEX.GD.ZS,Zambia,ZMB,..,7.15237093,3.46053243,3.93052912,4.69091034,3.82924223,4.43510246,4.47720718,4.39748955,4.93484306,..,..
Current health expenditure (% of GDP),SH.XPD.CHEX.GD.ZS,Zimbabwe,ZWE,..,..,8.08173752,6.91835308,7.11014795,8.13352394,7.45206642,7.6476202,5.84977484,4.73433113,..,..
Current health expenditure (% of GDP),SH.XPD.CHEX.GD.ZS,Africa Eastern and Southern,AFE,..,5.82936597142749,6.19889465134853,6.09293985998489,6.06122908507219,5.88668068313992,6.12840385205797,6.01733897809904,5.93923807664278,5.92588179332181,..,..
Current health expenditure (% of GDP),SH.XPD.CHEX.GD.ZS,Africa Western and Central,AFW,..,3.71030172166359,3.6505051234534,3.61726218032074,3.73025108795254,3.71996129581412,3.96892114729193,3.96580921555138,3.99260319378949,4.00478985770891,..,..
Current health expenditure (% of GDP),SH.XPD.CHEX.GD.ZS,Arab World,ARB,..,3.99485458683398,3.93486018070375,4.02250795527758,4.24866712936902,4.58556432100901,5.11479362139869,5.01689805584966,5.56419211894541,5.23099782538083,..,..
Current health expenditure (% of GDP),SH.XPD.CHEX.GD.ZS,Caribbean small states,CSS,..,4.7282980034943,5.17777723468496,5.1786834466299,5.30295019744467,5.37520988710826,5.73761265286781,6.10669861475335,6.41524616377996,6.37330337902145,..,..
Current health expenditure (% of GDP),SH.XPD.CHEX.GD.ZS,Central Europe and the Baltics,CEB,..,5.70922892537574,6.53333479246828,6.54237181240554,6.67402938074301,6.57472324813877,6.50725158765476,6.60899165897857,6.57796757065703,6.61084946814308,..,..
Current health expenditure (% of GDP),SH.XPD.CHEX.GD.ZS,Early-demographic dividend,EAR,..,4.87494710662978,4.95055198334786,5.03642370782574,5.07474375505409,5.11327088283235,5.2187553178751,5.08285969418459,5.19982445731069,4.99168009995052,..,..
Current health expenditure (% of GDP),SH.XPD.CHEX.GD.ZS,East Asia & Pacific,EAS,..,6.18459473306487,6.75059183835627,6.80989668520884,6.5791626437351,6.51195403853632,6.47030071082542,6.59398006260035,6.58594210920844,6.68437783841147,..,..
Current health expenditure (% of GDP),SH.XPD.CHEX.GD.ZS,East Asia & Pacific (excluding high income),EAP,..,3.958370741384,4.14104496874896,4.34565647388372,4.50472463456742,4.5890126842808,4.69823785847618,4.77657944580812,4.91104431890026,5.09038284289168,..,..
Current health expenditure (% of GDP),SH.XPD.CHEX.GD.ZS,East Asia & Pacific (IDA & IBRD countries),TEA,..,3.95878654193067,4.14122347289706,4.34584548424479,4.50490670547648,4.58920185486297,4.69844813076304,4.77680566757736,4.91123317162832,5.090514313172,..,..
Current health expenditure (% of GDP),SH.XPD.CHEX.GD.ZS,Euro area,EMU,..,8.63822445362188,10.0912142192139,10.176541357331,10.2351052749883,10.2663679477029,10.2124558841355,10.1963341277329,10.1596624478469,10.1379246099839,..,..
Current health expenditure (% of GDP),SH.XPD.CHEX.GD.ZS,Europe & Central Asia,ECS,..,8.02800198465301,9.05964189125108,9.06610225775159,9.10515066182339,9.2116457203685,9.28930088190218,9.3419949385593,9.26457616668426,9.29894471984055,..,..
Current health expenditure (% of GDP),SH.XPD.CHEX.GD.ZS,Europe & Central Asia (excluding high income),ECA,..,4.892323985821,4.85934289295469,4.94747695587036,5.00046538270062,5.03446910410775,5.02953189654994,5.10418013466357,5.12495884839722,5.17963794424045,..,..
Current health expenditure (% of GDP),SH.XPD.CHEX.GD.ZS,Europe & Central Asia (IDA & IBRD countries),TEC,..,5.03903149428901,5.0649650303957,5.11765859855706,5.16496020004496,5.20963750883041,5.23464971946127,5.32551892694809,5.34262497571204,5.37098671899899,..,..
Current health expenditure (% of GDP),SH.XPD.CHEX.GD.ZS,European Union,EUU,..,8.4318323880403,9.82390857818722,9.91232471799853,9.97957550158613,10.0005549074902,9.93594569186826,9.92895802404746,9.87969389730372,9.85591128283436,..,..
Current health expenditure (% of GDP),SH.XPD.CHEX.GD.ZS,Fragile and conflict affected situations,FCS,..,5.09178291457483,4.64832990942763,4.4922355946922,4.34863611442068,4.49798921917966,4.45509971572647,4.49293840464373,4.65181816371839,4.43640194802151,..,..
Current health expenditure (% of GDP),SH.XPD.CHEX.GD.ZS,Heavily indebted poor countries (HIPC),HPC,..,4.28324616967931,5.4576745598455,5.3143075792003,5.36326670542997,5.29213414263075,5.55856075618994,5.3472307646492,5.19369346166299,4.86281757924908,..,..
Current health expenditure (% of GDP),SH.XPD.CHEX.GD.ZS,High income,HIC,..,9.47506387770864,11.650957396579,11.7802155106387,11.8120246950867,11.9703709299682,12.3765348154544,12.5541346810629,12.5236241035426,12.4636793860796,..,..
Current health expenditure (% of GDP),SH.XPD.CHEX.GD.ZS,IBRD only,IBD,..,5.25197643618061,5.14323370662399,5.20659247854906,5.28550189932695,5.33455972488263,5.38658455021642,5.41686654773038,5.55646811824096,5.54751001072182,..,..
Current health expenditure (% of GDP),SH.XPD.CHEX.GD.ZS,IDA & IBRD total,IBT,..,5.13444673316814,5.0783671052679,5.13668121206558,5.21407686933514,5.25437399115453,5.30699830108787,5.3335006265768,5.46343466750448,5.45312634127271,..,..
Current health expenditure (% of GDP),SH.XPD.CHEX.GD.ZS,IDA blend,IDB,..,3.33738283252422,3.3944737569862,3.46118665204562,3.57173936351287,3.52606487503925,3.6073793575128,3.70378934294207,3.64284259118273,3.79918359239686,..,..
Current health expenditure (% of GDP),SH.XPD.CHEX.GD.ZS,IDA only,IDX,..,3.83418542944535,4.84297076751641,4.80744236438274,4.8678996551326,4.82461084107305,4.97035897810364,4.68736256779232,4.54493363189872,4.33680552044022,..,..
Current health expenditure (% of GDP),SH.XPD.CHEX.GD.ZS,IDA total,IDA,..,3.61267702606733,4.09836184414055,4.09575530168542,4.19112433404728,4.14610954613174,4.2787181109458,4.20391195068199,4.12283995163542,4.08866968899952,..,..
Current health expenditure (% of GDP),SH.XPD.CHEX.GD.ZS,Late-demographic dividend,LTE,..,5.35016152809458,5.17117394255033,5.21177195591607,5.32925795767714,5.41779956232755,5.43696260158617,5.54305408091218,5.71845499581772,5.76562380447317,..,..
Current health expenditure (% of GDP),SH.XPD.CHEX.GD.ZS,Latin America & Caribbean,LCN,..,6.57940306702633,7.25930245936691,7.23587563807617,7.32289715732457,7.44032833031227,7.91620228145649,7.89493440905874,8.19965276935019,7.96622043532372,..,..
Current health expenditure (% of GDP),SH.XPD.CHEX.GD.ZS,Latin America & Caribbean (excluding high income),LAC,..,6.50144779728571,7.29176439180853,7.30433435587198,7.43417746984826,7.57181832931178,7.90274917258274,7.85410200261703,8.14676387459255,7.89105884865899,..,..
Current health expenditure (% of GDP),SH.XPD.CHEX.GD.ZS,Latin America & the Caribbean (IDA & IBRD countries),TLA,..,6.59141172574254,7.21537970503686,7.21351514753927,7.28639332229592,7.38276493767793,7.83652003104774,7.81902981738557,8.14036437754161,7.9097672385982,..,..
Current health expenditure (% of GDP),SH.XPD.CHEX.GD.ZS,Least developed countries: UN classification,LDC,..,3.47517362181674,4.30556854466195,4.21872837442916,4.36239998423265,4.32082594395214,4.56630774937041,4.35979326029029,4.23053862622426,4.02388163603064,..,..
Current health expenditure (% of GDP),SH.XPD.CHEX.GD.ZS,Low & middle income,LMY,..,5.04049057730998,5.0116132656346,5.07548862828773,5.16810261103321,5.21007422946258,5.27368261476477,5.29273952564414,5.41784665910696,5.40820650838996,..,..
Current health expenditure (% of GDP),SH.XPD.CHEX.GD.ZS,Low income,LIC,..,4.05764559698828,5.71108981541866,5.52079932453646,5.76818859193364,5.73484126417774,6.01562330119152,5.90179525417423,5.83808887279162,5.22603286834998,..,..
Current health expenditure (% of GDP),SH.XPD.CHEX.GD.ZS,Lower middle income,LMC,..,3.79640300234122,4.02809479411747,4.12788229070375,4.20158563986372,4.17588271846135,4.22432087274498,4.2649938335236,4.18213362308856,4.09493253743571,..,..
Current health expenditure (% of GDP),SH.XPD.CHEX.GD.ZS,Middle East & North Africa,MEA,..,4.49516267220131,4.65289294750148,4.70574743000881,4.7038070336953,5.10811193580468,5.62106325697928,5.77075918846523,6.23263942561651,5.83354852705967,..,..
Current health expenditure (% of GDP),SH.XPD.CHEX.GD.ZS,Middle East & North Africa (excluding high income),MNA,..,4.77164369027398,5.54765198430044,5.62517412518536,5.33409537861063,5.67645949614324,6.14001933111248,6.55195602436164,6.76019578119651,6.27074458626929,..,..
Current health expenditure (% of GDP),SH.XPD.CHEX.GD.ZS,Middle East & North Africa (IDA & IBRD countries),TMN,..,4.77164369027398,5.54765198430044,5.62517412518536,5.33409537861063,5.67645949614324,6.14001933111248,6.55195602436163,6.76019578119651,6.27074458626929,..,..
Current health expenditure (% of GDP),SH.XPD.CHEX.GD.ZS,Middle income,MIC,..,5.05901940048389,5.0025926224077,5.06988664576891,5.16045249930059,5.20295660442317,5.26304139155114,5.28524620521701,5.41291469901892,5.41031337818156,..,..
Current health expenditure (% of GDP),SH.XPD.CHEX.GD.ZS,North America,NAC,..,12.2531359612827,15.683214053707,15.6912279125761,15.6286395693561,15.8314305327987,16.236799322556,16.5914866049896,16.5200185989744,16.4154072445522,..,..
Current health expenditure (% of GDP),SH.XPD.CHEX.GD.ZS,Not classified,INX,..,..,..,..,..,..,..,..,..,..,..,..
Current health expenditure (% of GDP),SH.XPD.CHEX.GD.ZS,OECD members,OED,..,9.39682382507989,11.6687478793524,11.8050663236097,11.8167196405697,11.9502798797833,12.32716641961,12.5139247682012,12.4680595368703,12.4508048901855,..,..
Current health expenditure (% of GDP),SH.XPD.CHEX.GD.ZS,Other small states,OSS,..,4.65368401845407,3.59347657600713,3.55751713580137,3.7883040472264,3.99996677293232,4.66541807568703,4.77901047359459,4.63013856751218,4.48878487700159,..,..
Current health expenditure (% of GDP),SH.XPD.CHEX.GD.ZS,Pacific island small states,PSS,..,4.94911874846168,5.02271648927556,4.96476977776556,5.02322699317797,5.04009159389234,5.04294282850783,4.97019410293006,4.7905304015336,4.92033319720912,..,..
Current health expenditure (% of GDP),SH.XPD.CHEX.GD.ZS,Post-demographic dividend,PST,..,9.62706396187094,12.0390924163303,12.1908690295251,12.2236373436322,12.3843217472237,12.7849010222393,12.9593037495946,12.9139743636857,12.884163200403,..,..
Current health expenditure (% of GDP),SH.XPD.CHEX.GD.ZS,Pre-demographic dividend,PRE,..,3.68982799777432,3.87831839600948,3.75213347455154,3.90611261285654,3.84952085488405,4.20033052330664,4.24906620108912,4.36245728207572,4.25680123504909,..,..
Current health expenditure (% of GDP),SH.XPD.CHEX.GD.ZS,Small states,SST,..,4.68160704896143,3.85189243416236,3.81922849600579,4.02705329516214,4.2128875501239,4.84754957102635,4.99233251396653,4.90253586107511,4.7661836953406,..,..
Current health expenditure (% of GDP),SH.XPD.CHEX.GD.ZS,South Asia,SAS,..,3.71669897056981,3.20142335168495,3.2570522702299,3.62522476056939,3.53090056430003,3.51104934544981,3.44679692465847,3.46161425193277,3.48467393830339,..,..
Current health expenditure (% of GDP),SH.XPD.CHEX.GD.ZS,South Asia (IDA & IBRD),TSA,..,3.71669897056981,3.20142335168495,3.2570522702299,3.62522476056939,3.53090056430003,3.51104934544981,3.44679692465847,3.46161425193277,3.48467393830339,..,..
Current health expenditure (% of GDP),SH.XPD.CHEX.GD.ZS,Sub-Saharan Africa,SSF,..,5.09810570784398,5.10825142786471,4.99377676354319,4.9623469758692,4.85905786555782,5.12788413328569,5.09366139314444,5.12408797537837,5.09403364625313,..,..
Current health expenditure (% of GDP),SH.XPD.CHEX.GD.ZS,Sub-Saharan Africa (excluding high income),SSA,..,5.09887783472357,5.10846574091127,4.99329235054956,4.96269937749051,4.85914934968849,5.128339187156,5.09358177339152,5.12421434711837,5.09401843755678,..,..
Current health expenditure (% of GDP),SH.XPD.CHEX.GD.ZS,Sub-Saharan Africa (IDA & IBRD countries),TSS,..,5.09810570784398,5.10825142786471,4.99377676354319,4.9623469758692,4.85905786555782,5.12788413328569,5.09366139314444,5.12408797537837,5.09403364625313,..,..
Current health expenditure (% of GDP),SH.XPD.CHEX.GD.ZS,Upper middle income,UMC,..,5.50115015629986,5.32467470757246,5.37603178414817,5.45533582526062,5.52112841919443,5.59922280231687,5.63164825801597,5.81971291792802,5.81972120159752,..,..
Current health expenditure (% of GDP),SH.XPD.CHEX.GD.ZS,World,WLD,..,8.68350595112177,9.42981035163994,9.44174089782815,9.41767265596078,9.50891866991708,9.80424055295327,9.95194113521408,9.89427595855274,9.85836909409327,..,..
,,,,,,,,,,,,,,,
,,,,,,,,,,,,,,,
,,,,,,,,,,,,,,,
Data from database: World Development Indicators,,,,,,,,,,,,,,,
Last Updated: 11/23/2021,,,,,,,,,,,,,,,
